product_name,product_description,dimensions,price,target_age,raw_query_profile
Speedster Toy Car,Small red toy car perfect for imaginative play. This toy car is designed to be durable and withstand rough play. It features realistic details such as a sleek red paint job black wheels and a compact size that fits perfectly in small hands. The toy car encourages children to engage in creative storytelling and role-playing helping to develop their cognitive and motor skills. Whether racing around the living room or embarking on imaginary adventures this toy car is sure to provide hours of entertainment. It is made from high-quality non-toxic materials ensuring it is safe for young children. The small size makes it easy to carry around making it a great companion for trips to the park or playdates. This toy car is an excellent addition to any child's toy collection and is suitable for children aged 3 and up. It also makes a great gift for birthdays holidays or any special occasion. With its vibrant color and realistic design this toy car is sure to become a favorite among young car enthusiasts. Encourage your child's imagination and creativity with this fun and engaging toy car.,5x3x2 inches,9.99,3
My First Doll,Soft plush doll perfect for cuddling and imaginative play. This plush doll is designed with soft huggable materials that make it a comforting companion for young children. It features a friendly face with embroidered details adding to its charm and safety for little ones. The doll is dressed in a cute outfit that can be removed and changed encouraging children to engage in role-playing and storytelling. This helps to develop their cognitive and social skills as they create different scenarios and interactions for their doll. The lightweight and portable design make it easy for children to carry their doll wherever they go whether it's a trip to the park a playdate or bedtime. The plush doll is made from high-quality non-toxic materials ensuring it is safe for children aged 2 and up. It is also machine washable making it easy to keep clean and fresh. This soft plush doll is an excellent addition to any child's toy collection and makes a wonderful gift for birthdays holidays or any special occasion. With its adorable design and comforting presence this plush doll is sure to become a beloved friend for any child.,12x4x3 inches,14.99,2
BlockMaster Building Blocks,Set of colorful building blocks perfect for imaginative play and learning. This set includes a variety of shapes and sizes allowing children to build and create endless structures. The blocks are designed with vibrant colors that capture children's attention and stimulate their creativity. Made from high-quality non-toxic materials these building blocks are safe for young children and durable enough to withstand rough play. The smooth edges and lightweight design make them easy for small hands to grasp and manipulate. Playing with building blocks helps to develop fine motor skills hand-eye coordination and spatial awareness. It also encourages problem-solving and critical thinking as children figure out how to balance and connect the blocks. This set is suitable for children aged 1 and up making it an excellent addition to any child's toy collection. Whether building towers houses or imaginative creations these building blocks provide hours of entertainment and educational value. They are also easy to clean and store making them a convenient choice for parents. This set of colorful building blocks makes a wonderful gift for birthdays holidays or any special occasion and is sure to become a favorite among young builders. The blocks are designed to be easy to handle and fun to play with ensuring that children will enjoy them for years to come.,10x10x10 inches,19.99,1
BrainTeaser Jigsaw Puzzle,Engaging 100-piece jigsaw puzzle perfect for developing problem-solving skills and hand-eye coordination. This puzzle features a vibrant and detailed image that captures children's attention and keeps them entertained for hours. Each piece is crafted from high-quality durable cardboard ensuring it can withstand repeated use. The pieces are designed to fit together smoothly making it easy for children to assemble the puzzle without frustration. The puzzle's compact size makes it convenient to take on trips or store when not in use. Completing the puzzle helps to improve cognitive skills such as memory concentration and spatial awareness. It also encourages patience and perseverance as children work to complete the image. The colorful and engaging design makes it a great addition to any child's toy collection. Suitable for children aged 4 and up this jigsaw puzzle is an excellent gift for birthdays holidays or any special occasion. The puzzle's educational value combined with its fun and engaging nature ensures it will be a favorite among young puzzlers. Whether working on it alone or with family and friends this 100-piece jigsaw puzzle provides a rewarding and enjoyable experience that children will love.,15x10x0.5 inches,12.99,7
Captain Thunder Action Figure,Superhero action figure perfect for imaginative play and adventure. This action figure is designed with incredible attention to detail featuring a muscular build and a dynamic pose that captures the essence of a true hero. The figure is dressed in a vibrant costume complete with a cape and mask adding to its heroic appeal. The costume is made from high-quality materials ensuring it is durable and can withstand rough play. The action figure also comes with a set of accessories including a shield and a sword allowing children to create exciting battle scenes and heroic rescues. The figure's joints are fully articulated enabling a wide range of motion and posing possibilities. This encourages children to engage in creative storytelling and role-playing helping to develop their cognitive and motor skills. The compact size makes it easy to carry around making it a great companion for trips to the park or playdates. Made from non-toxic materials this action figure is safe for children aged 5 and up. It is an excellent addition to any child's toy collection and makes a wonderful gift for birthdays holidays or any special occasion. With its realistic design and engaging features this superhero action figure is sure to become a favorite among young adventurers.,6x2x1 inches,11.99,7
Snuggle Buddy Bear,Adorable stuffed teddy bear perfect for cuddling and imaginative play. This teddy bear is made from soft plush materials that are gentle on the skin making it a comforting companion for young children. It features a friendly face with embroidered eyes and a cute button nose adding to its charm and safety for little ones. The teddy bear is dressed in a removable outfit that can be changed encouraging children to engage in role-playing and storytelling. This helps to develop their cognitive and social skills as they create different scenarios and interactions for their teddy bear. The lightweight and portable design make it easy for children to carry their teddy bear wherever they go whether it's a trip to the park a playdate or bedtime. The stuffed teddy bear is made from high-quality non-toxic materials ensuring it is safe for children aged 1 and up. It is also machine washable making it easy to keep clean and fresh. This adorable stuffed teddy bear is an excellent addition to any child's toy collection and makes a wonderful gift for birthdays holidays or any special occasion. With its cute design and comforting presence this teddy bear is sure to become a beloved friend for any child.,10x8x6 inches,15.99,1
FamilyQuest Board Game,Exciting family board game perfect for game nights and gatherings. This board game is designed to bring families and friends together for hours of fun and entertainment. It features a colorful and engaging game board with various paths and challenges that players must navigate to reach the finish line. The game includes a set of unique playing pieces each with its own character and abilities adding an element of strategy and excitement. The rules are easy to understand making it suitable for players of all ages. The game encourages teamwork and communication as players work together to overcome obstacles and achieve their goals. It also helps to develop critical thinking and problem-solving skills as players make decisions and plan their moves. The compact size of the game board makes it easy to set up and store when not in use. Made from high-quality materials this board game is durable and can withstand repeated play. It is an excellent addition to any family's game collection and makes a wonderful gift for birthdays holidays or any special occasion. With its engaging gameplay and vibrant design this family board game is sure to become a favorite for game nights and gatherings.,12x12x3 inches,24.99,8
ChooChoo Express,Electric toy train set perfect for young train enthusiasts and imaginative play. This toy train set includes a detailed locomotive and several colorful carriages that can be connected to form a long train. The train features realistic sounds and lights that add to the excitement and make playtime more engaging. The tracks are easy to assemble and can be configured in various layouts allowing children to create their own unique train routes. Made from high-quality non-toxic materials this toy train set is safe for children aged 3 and up. The durable construction ensures it can withstand rough play and last for years. Playing with the toy train helps to develop fine motor skills hand-eye coordination and spatial awareness as children connect the tracks and move the train along the route. It also encourages creative storytelling and role-playing as children imagine different adventures for their train. The compact size makes it easy to set up and store when not in use. This electric toy train set is an excellent addition to any child's toy collection and makes a wonderful gift for birthdays holidays or any special occasion. With its realistic design and engaging features this toy train set is sure to become a favorite.,20x15x5 inches,29.99,3
TurboX Racer,High-speed remote control sports car perfect for thrilling races and adventurous play. This remote control car is designed with a sleek aerodynamic body that mimics the look of a real sports car. It features vibrant colors and realistic details such as working headlights and taillights adding to its appeal. The car is equipped with a powerful motor that allows it to reach impressive speeds making it ideal for racing on various surfaces. The remote control is user-friendly with intuitive buttons that make it easy for children to maneuver the car in different directions. The car can perform exciting stunts such as sharp turns and quick stops providing endless entertainment. Made from high-quality durable materials this remote control car is built to withstand rough play and collisions. It comes with rechargeable batteries ensuring long-lasting playtime. The compact size makes it easy to carry around and store when not in use. Playing with this remote control car helps to develop hand-eye coordination and fine motor skills as children navigate the car through different obstacles. Suitable for children aged 8 and up this remote control sports car is an excellent addition to any toy collection and makes a fantastic gift for birthdays holidays or any special occasion.,8x4x3 inches,34.99,10
Master Builder Lego Set,Comprehensive 300-piece building set perfect for creative construction. This versatile set includes a variety of colorful bricks blocks and special pieces allowing endless building possibilities. The set comes with detailed instructions for multiple projects but also encourages free-form building and imagination. The pieces are made from high-quality durable plastic ensuring long-lasting play value. Perfect for developing fine motor skills spatial awareness and problem-solving abilities. The set includes pieces for creating vehicles buildings and characters making it ideal for storytelling and imaginative play. Compatible with all standard Lego bricks this set can expand existing collections. Comes in a sturdy storage container for easy organization and cleanup. Suitable for both individual play and group activities this set provides hours of engaging entertainment. Made from non-toxic materials ensuring safety for children.,12x8x6 inches,139.99,10